Workbook

Sheet Radicals
A1: No. | B1: Radical | C1: Variant forms | D1: Strokes | E1: Name (kana) | F1: Name (romaji) | G1: Meaning | H1: Group | I1: Kanji count (of 2501) | J1: Kanji using this radical (by frequency rank)
A2: 1 | B2: 一 | D2: 1 | E2: いち | F2: ichi | G2: one | H2: Strokes & numbers | I2: =COUNTIF(Kanji!$C$2:$C$2502,A2) -> 15 | J2: 一三上下不七世両与万並丁丈丘丑
A3: 2 | B3: 丨 | D3: 1 | E3: たてぼう | F3: tatebou | G3: vertical line | H3: Strokes & numbers | I3: =COUNTIF(Kanji!$C$2:$C$2502,A3) -> 2 | J3: 中串
A4: 3 | B4: 丶 | D4: 1 | E4: てん | F4: ten | G4: dot | H4: Strokes & numbers | I4: =COUNTIF(Kanji!$C$2:$C$2502,A4) -> 4 | J4: 主丸丹丼
A5: 4 | B5: 丿 | D5: 1 | E5: の / はらいぼう | F5: no / haraibou | G5: slash, left-falling stroke | H5: Strokes & numbers | I5: =COUNTIF(Kanji!$C$2:$C$2502,A5) -> 5 | J5: 乗久之乏乃
A6: 5 | B6: 乙 | C6: 乚 | D6: 1 | E6: おつ / おっ | F6: otsu / o | G6: second, hook | H6: Strokes & numbers | I6: =COUNTIF(Kanji!$C$2:$C$2502,A6) -> 8 | J6: 九乱乳亀也乾乙乞
A7: 6 | B7: 亅 | D7: 1 | E7: はねぼう | F7: hanebou | G7: hook, barb | H7: Strokes & numbers | I7: =COUNTIF(Kanji!$C$2:$C$2502,A7) -> 4 | J7: 事予争了
A8: 7 | B8: 二 | D8: 2 | E8: に | F8: ni | G8: two | H8: Strokes & numbers | I8: =COUNTIF(Kanji!$C$2:$C$2502,A8) -> 6 | J8: 二五井互亜亘
A9: 8 | B9: 亠 | D9: 2 | E9: なべぶた / けいさんかんむり | F9: nabebuta / keisankanmuri | G9: lid, top | H9: Buildings, covers & enclosures | I9: =COUNTIF(Kanji!$C$2:$C$2502,A9) -> 7 | J9: 京交亡亭亮享亨
A10: 9 | B10: 人 | C10: 亻・⺅ (にんべん, left side); 𠆢 (ひとやね / ひとがしら, top) | D10: 2 | E10: ひと | F10: hito | G10: person | H10: Person & family | I10: =COUNTIF(Kanji!$C$2:$C$2502,A10) -> 112 | J10: 会人今代体作以保信件側任使係価住位企供付優何備例伝働低仕個佐候値催他健修介休余伊僚倍億債便伸停儀倒令仏傷償像伴依仲似借傾併促俊侵仮倉俳仙舎偽僕倫仁偏舗俵仰俣偶伏俗偉佳傍傘僧伯伐俸倶偵伍傑侍俺侮僑倭儒佃伺佑仇伽偲侯侠但儲倣偕倹
A11: 10 | B11: 儿 | D11: 2 | E11: ひとあし / にんにょう | F11: hitoashi / ninnyou | G11: legs, walking person | H11: Person & family | I11: =COUNTIF(Kanji!$C$2:$C$2502,A11) -> 12 | J11: 党先元光児充免兆兄克兜允
A12: 11 | B12: 入 | C12: ⺊ (いりがしら, top form) | D12: 2 | E12: いる | F12: iru | G12: enter | H12: Actions & movement | I12: =COUNTIF(Kanji!$C$2:$C$2502,A12) -> 2 | J12: 入全
A13: 12 | B13: 八 | C13: 丷 (はちがしら, top form) | D13: 2 | E13: はち | F13: hachi | G13: eight | H13: Strokes & numbers | I13: =COUNTIF(Kanji!$C$2:$C$2502,A13) -> 10 | J13: 八六公共兵具典兼曽其
A14: 13 | B14: 冂 | D14: 2 | E14: まきがまえ / えんがまえ / どうがまえ | F14: makigamae / engamae / dougamae | G14: down box, upside-down box | H14: Buildings, covers & enclosures | I14: =COUNTIF(Kanji!$C$2:$C$2502,A14) -> 5 | J14: 内円再冊冒
A15: 14 | B15: 冖 | D15: 2 | E15: わかんむり | F15: wakanmuri | G15: cover, crown | H15: Buildings, covers & enclosures | I15: =COUNTIF(Kanji!$C$2:$C$2502,A15) -> 6 | J15: 写冠冗冨冥冤
A16: 15 | B16: 冫 | D16: 2 | E16: にすい | F16: nisui | G16: ice | H16: Water, fire, earth & land | I16: =COUNTIF(Kanji!$C$2:$C$2502,A16) -> 8 | J16: 冷冬凍准凝凄冴凌
A17: 16 | B17: 几 | D17: 2 | E17: つくえ / きにょう | F17: tsukue / kinyou | G17: table, wind | H17: Tools, weapons & objects | I17: =COUNTIF(Kanji!$C$2:$C$2502,A17) -> 4 | J17: 処凡凧凱
A18: 17 | B18: 凵 | D18: 2 | E18: うけばこ | F18: ukebako | G18: open box | H18: Buildings, covers & enclosures | I18: =COUNTIF(Kanji!$C$2:$C$2502,A18) -> 5 | J18: 出凶函凸凹
A19: 18 | B19: 刀 | C19: 刂 (りっとう, right side); ⺈ | D19: 2 | E19: かたな | F19: katana | G19: knife, sword | H19: Tools, weapons & objects | I19: =COUNTIF(Kanji!$C$2:$C$2502,A19) -> 33 | J19: 分前制初判利別割切副券劇創則削刊刑刻列刺到剤剣刷剰剛刈刃刀剖劉剥剃
A20: 19 | B20: 力 | D20: 2 | E20: ちから | F20: chikara | G20: power, strength | H20: Actions & movement | I20: =COUNTIF(Kanji!$C$2:$C$2502,A20) -> 22 | J20: 力動務加勝勢助労効努募勤功勉勧励勇勘勲劣劾勅
A21: 20 | B21: 勹 | D21: 2 | E21: つつみがまえ | F21: tsutsumigamae | G21: wrap | H21: Buildings, covers & enclosures | I21: =COUNTIF(Kanji!$C$2:$C$2502,A21) -> 2 | J21: 包匂
A22: 21 | B22: 匕 | D22: 2 | E22: さじ / ひ | F22: saji / hi | G22: spoon, ladle | H22: Tools, weapons & objects | I22: =COUNTIF(Kanji!$C$2:$C$2502,A22) -> 2 | J22: 化北
A23: 22 | B23: 匚 | D23: 2 | E23: はこがまえ | F23: hakogamae | G23: box (open right) | H23: Buildings, covers & enclosures | I23: =COUNTIF(Kanji!$C$2:$C$2502,A23) -> 2 | J23: 匠匡
A24: 23 | B24: 匸 | D24: 2 | E24: かくしがまえ | F24: kakushigamae | G24: hiding enclosure | H24: Buildings, covers & enclosures | I24: =COUNTIF(Kanji!$C$2:$C$2502,A24) -> 4 | J24: 区医匹匿
A25: 24 | B25: 十 | D25: 2 | E25: じゅう | F25: juu | G25: ten | H25: Strokes & numbers | I25: =COUNTIF(Kanji!$C$2:$C$2502,A25) -> 12 | J25: 十協午千半南単卒博卓卑升
A26: 25 | B26: 卜 | D26: 2 | E26: ぼく / うらない | F26: boku / uranai | G26: divination | H26: Actions & movement | I26: =COUNTIF(Kanji!$C$2:$C$2502,A26) -> 1 | J26: 占
A27: 26 | B27: 卩 | C27: 㔾 | D27: 2 | E27: ふしづくり / わりふ | F27: fushizukuri / warifu | G27: seal, kneeling person | H27: Actions & movement | I27: =COUNTIF(Kanji!$C$2:$C$2502,A27) -> 8 | J27: 危印却即卵卸卿卯
A28: 27 | B28: 厂 | D28: 2 | E28: がんだれ | F28: gandare | G28: cliff | H28: Water, fire, earth & land | I28: =COUNTIF(Kanji!$C$2:$C$2502,A28) -> 7 | J28: 原厳厚厘厄厦厨
A29: 28 | B29: 厶 | D29: 2 | E29: む | F29: mu | G29: private | H29: Other & abstract | I29: =COUNTIF(Kanji!$C$2:$C$2502,A29) -> 2 | J29: 参去
A30: 29 | B30: 又 | D30: 2 | E30: また | F30: mata | G30: again, right hand | H30: Body parts & health | I30: =COUNTIF(Kanji!$C$2:$C$2502,A30) -> 11 | J30: 取受反収及友双又叔叙叢
A31: 30 | B31: 口 | D31: 3 | E31: くち | F31: kuchi | G31: mouth | H31: Body parts & health | I31: =COUNTIF(Kanji!$C$2:$C$2502,A31) -> 87 | J31: 同合員問和名向告品各台口営可商味命含呼古史器否周号右吉司善喜喪君吸哲喚唱吹句噴唆唯喫啓叫咲召嘉呈后嘆吐哀唐呉吾呆喝嘱吟喬唇哨唄呂呪嚇嘘喧叱囃只噂噺嗣叶叩咸呑喉噛喋喘哺啄嗜吊嗅
A32: 31 | B32: 囗 | D32: 3 | E32: くにがまえ | F32: kunigamae | G32: enclosure | H32: Buildings, covers & enclosures | I32: =COUNTIF(Kanji!$C$2:$C$2502,A32) -> 12 | J32: 国四回団図園因固囲困圏囚
A33: 32 | B33: 土 | D33: 3 | E33: つち | F33: tsuchi | G33: earth, soil | H33: Water, fire, earth & land | I33: =COUNTIF(Kanji!$C$2:$C$2502,A33) -> 54 | J33: 地場報在増基土境域型塁均圧壊城執坂塚埼堂壁堅埋塩堀塾墓壌塗培墜壇垣墨堤塔垂塊墳坪坊圭堺堰堪塀坑堕尭埴堆壕坐塙
A34: 33 | B34: 士 | D34: 3 | E34: さむらい | F34: samurai | G34: scholar, samurai | H34: Person & family | I34: =COUNTIF(Kanji!$C$2:$C$2502,A34) -> 7 | J34: 売声士壮壷壱壬
A35: 34 | B35: 夂 | D35: 3 | E35: ふゆがしら / ちかんむり | F35: fuyugashira / chikanmuri | G35: go | H35: Actions & movement | I35: =COUNTIF(Kanji!$C$2:$C$2502,A35) -> 1 | J35: 変
A36: 35 | B36: 夊 | D36: 3 | E36: すいにょう | F36: suinyou | G36: go slowly | H36: Actions & movement | I36: =COUNTIF(Kanji!$C$2:$C$2502,A36) -> 1 | J36: 夏
A37: 36 | B37: 夕 | D37: 3 | E37: ゆう / ゆうべ | F37: yuu / yuube | G37: evening | H37: Sky, time & weather | I37: =COUNTIF(Kanji!$C$2:$C$2502,A37) -> 5 | J37: 外多夜夕夢
A38: 37 | B38: 大 | D38: 3 | E38: だい | F38: dai | G38: big | H38: Person & family | I38: =COUNTIF(Kanji!$C$2:$C$2502,A38) -> 18 | J38: 大夫失天太央奈契奪奥奏奇奨奮奉奔奄夷
A39: 38 | B39: 女 | D39: 3 | E39: おんな | F39: onna | G39: woman | H39: Person & family | I39: =COUNTIF(Kanji!$C$2:$C$2502,A39) -> 40 | J39: 女委始好姿婦妻婚妥威妙娘嫌妊妹姉妨姫嫁娠姓如媛妃娯媒姜奴妖姻姑嬢婿嫡娼妄嬉嫉姚婆
... A42: 41 | B42: 寸 | D42: 3 | E42: すん | F42: sun | G42: inch | H42: Actions & movement | I42: =COUNTIF(Kanji!$C$2:$C$2502,A42) -> 12 | J42: 対導専将寺射封尊寿尋寸尉
A43: 42 | B43: 小 | C43: ⺌ (しょう, top form) | D43: 3 | E43: しょう / ちいさい | F43: shou / chiisai | G43: small | H43: Colors & qualities | I43: =COUNTIF(Kanji!$C$2:$C$2502,A43) -> 4 | J43: 小少尚尖
A44: 43 | B44: 尢 | C44: 尣 | D44: 3 | E44: だいのまげあし / まげあし | F44: dainomageashi / mageashi | G44: lame | H44: Person & family | I44: =COUNTIF(Kanji!$C$2:$C$2502,A44) -> 1 | J44: 就
A45: 44 | B45: 尸 | D45: 3 | E45: しかばね / かばね | F45: shikabane / kabane | G45: corpse, body | H45: Person & family | I45: =COUNTIF(Kanji!$C$2:$C$2502,A45) -> 17 | J45: 局展屋層居尾属届尽屈履尿尻尼尺屏尹
A46: 45 | B46: 屮 | D46: 3 | E46: てつ | F46: tetsu | G46: sprout | H46: Plants & grain | I46: =COUNTIF(Kanji!$C$2:$C$2502,A46) -> 1 | J46: 屯
A47: 46 | B47: 山 | D47: 3 | E47: やま | F47: yama | G47: mountain | H47: Water, fire, earth & land | I47: =COUNTIF(Kanji!$C$2:$C$2502,A47) -> 26 | J47: 山島岡崎岸崩岩岳岐嶋嶌峡峰嵐峠嶺崔崇岬巌峻峯嶽嵯峨峙
A48: 47 | B48: 巛 | C48: 川 (かわ) | D48: 3 | E48: かわ / まがりがわ | F48: kawa / magarigawa | G48: river | H48: Water, fire, earth & land | I48: =COUNTIF(Kanji!$C$2:$C$2502,A48) -> 3 | J48: 川州巡
A49: 48 | B49: 工 | D49: 3 | E49: たくみ / こう | F49: takumi / kou | G49: work, craftsman | H49: Tools, weapons & objects | I49: =COUNTIF(Kanji!$C$2:$C$2502,A49) -> 5 | J49: 工差左巨巧
A50: 49 | B50: 己 | D50: 3 | E50: おのれ / き / み | F50: onore / ki / mi | G50: oneself | H50: Other & abstract | I50: =COUNTIF(Kanji!$C$2:$C$2502,A50) -> 7 | J50: 巻己巽巴已巳巷
A51: 50 | B51: 巾 | D51: 3 | E51: はば / きんべん | F51: haba / kinben | G51: turban, cloth | H51: Tools, weapons & objects | I51: =COUNTIF(Kanji!$C$2:$C$2502,A51) -> 19 | J51: 市常席帰師幅帯幕布希帝幌帳帽幣帆幡帥帖
A52: 51 | B52: 干 | D52: 3 | E52: かん / いちじゅう | F52: kan / ichijuu | G52: dry, to do with | H52: Colors & qualities | I52: =COUNTIF(Kanji!$C$2:$C$2502,A52) -> 5 | J52: 年平幹幸干
A53: 52 | B53: 幺 | D53: 3 | E53: いとがしら / よう | F53: itogashira / you | G53: short thread, tiny | H53: Colors & qualities | I53: =COUNTIF(Kanji!$C$2:$C$2502,A53) -> 4 | J53: 幼幻幾幽
A54: 53 | B54: 广 | D54: 3 | E54: まだれ | F54: madare | G54: dotted cliff, building | H54: Buildings, covers & enclosures | I54: =COUNTIF(Kanji!$C$2:$C$2502,A54) -> 21 | J54: 度府広店座廃康庁庭庫底序床庶廊庄庸廉廟庵廣
A55: 54 | B55: 廴 | D55: 3 | E55: えんにょう | F55: ennyou | G55: long stride | H55: Actions & movement | I55: =COUNTIF(Kanji!$C$2:$C$2502,A55) -> 3 | J55: 建延廷
A56: 55 | B56: 廾 | D56: 3 | E56: にじゅうあし / こまぬき | F56: nijuuashi / komanuki | G56: two hands, joined hands | H56: Actions & movement | I56: =COUNTIF(Kanji!$C$2:$C$2502,A56) -> 2 | J56: 弁弊
A57: 56 | B57: 弋 | D57: 3 | E57: しきがまえ / よく | F57: shikigamae / yoku | G57: shoot, ceremony | H57: Tools, weapons & objects | I57: =COUNTIF(Kanji!$C$2:$C$2502,A57) -> 1 | J57: 式
A58: 57 | B58: 弓 | D58: 3 | E58: ゆみ / ゆみへん | F58: yumi / yumihen | G58: bow | H58: Tools, weapons & objects | I58: =COUNTIF(Kanji!$C$2:$C$2502,A58) -> 13 | J58: 強引張弾弱弘弟弥弦弓弔弧弛
A59: 58 | B59: 彐 | C59: 彑 | D59: 3 | E59: けいがしら | F59: keigashira | G59: pig snout | H59: Other & abstract | I59: =COUNTIF(Kanji!$C$2:$C$2502,A59) -> 2 | J59: 当彗
A60: 59 | B60: 彡 | D60: 3 | E60: さんづくり | F60: sanzukuri | G60: bristle, hair, shadow | H60: Body parts & health | I60: =COUNTIF(Kanji!$C$2:$C$2502,A60) -> 9 | J60: 形影彦彩彰彫彬彪彭
A61: 60 | B61: 彳 | D61: 3 | E61: ぎょうにんべん | F61: gyouninben | G61: step, small step | H61: Actions & movement | I61: =COUNTIF(Kanji!$C$2:$C$2502,A61) -> 20 | J61: 後得役待復従彼徒徴徹律御徳微往径徐征循徘
A62: 61 | B62: 心 | C62: 忄 (りっしんべん, left side); ⺗ (したごころ, bottom) | D62: 4 | E62: こころ | F62: kokoro | G62: heart, mind | H62: Body parts & health | I62: =COUNTIF(Kanji!$C$2:$C$2502,A62) -> 81 | J62: 意性思心感情必応急態想念悪憲愛惑患志恐息懸慮恵慎悲快悩忠忘懇慰慣怒恋慶懲恒憶怖慢悟恩悔惨忙懐愚恥憂怪惜悼憾忍怠憩恭悦憎慈慌憤慨恨忌悠愉惧慕怨慧愁惣惟憧惇恣惰怜悌惚
A63: 62 | B63: 戈 | D63: 4 | E63: ほこ / ほこづくり | F63: hoko / hokozukuri | G63: halberd, spear | H63: Tools, weapons & objects | I63: =COUNTIF(Kanji!$C$2:$C$2502,A63) -> 7 | J63: 戦成我戒戯戴或
A64: 63 | B64: 戶 | C64: 戸・户 | D64: 4 | E64: と / とだれ | F64: to / todare | G64: door | H64: Buildings, covers & enclosures | I64: =COUNTIF(Kanji!$C$2:$C$2502,A64) -> 6 | J64: 所戸房戻扇扉
A65: 64 | B65: 手 | C65: 扌 (てへん, left side) | D65: 4 | E65: て | F65: te | G65: hand | H65: Body parts & health | I65: =COUNTIF(Kanji!$C$2:$C$2502,A65) -> 99 | J65: 手持指投打提挙援担技撃推接授摘批捜捕採拡振抗換抜承押損撤払措抑招択拠拒抱描掲探揮折挑控握操携撮括掛排扱揺抵擁摩掃掘捨撲揚拘拍抽披拝据搭拾擦才拐拓把搬掌摂挫挟扶挿拳拙捉擬抹搾拷摯挺播挨捧抒抄搜撚撫揃拭
A66: 65 | B66: 支 | D66: 4 | E66: し / えだ | F66: shi / eda | G66: branch | H66: Actions & movement | I66: =COUNTIF(Kanji!$C$2:$C$2502,A66) -> 1 | J66: 支
A67: 66 | B67: 攴 | C67: 攵 (のぶん, right side) | D67: 4 | E67: ぼくにょう / ぼくづくり | F67: bokunyou / bokuzukuri | G67: rap, tap, strike | H67: Actions & movement | I67: =COUNTIF(Kanji!$C$2:$C$2502,A67) -> 17 | J67: 政改数教放整敗攻故散救敏敬敵敷敦敢
A68: 67 | B68: 文 | D68: 4 | E68: ぶん / ぶんにょう | F68: bun / bunnyou | G68: script, literature | H68: Speech, mind & ritual | I68: =COUNTIF(Kanji!$C$2:$C$2502,A68) -> 5 | J68: 文斎斉斐斑
A69: 68 | B69: 斗 | D69: 4 | E69: とます / ます | F69: tomasu / masu | G69: dipper, measure | H69: Tools, weapons & objects | I69: =COUNTIF(Kanji!$C$2:$C$2502,A69) -> 3 | J69: 料斜斗
A70: 69 | B70: 斤 | D70: 4 | E70: きん / おのづくり | F70: kin / onozukuri | G70: axe | H70: Tools, weapons & objects | I70: =COUNTIF(Kanji!$C$2:$C$2502,A70) -> 4 | J70: 新断斬斥
A71: 70 | B71: 方 | D71: 4 | E71: ほう / ほうへん | F71: hou / houhen | G71: square, direction | H71: Other & abstract | I71: =COUNTIF(Kanji!$C$2:$C$2502,A71) -> 8 | J71: 方施族旅旗旋於旛
A72: 71 | B72: 无 | C72: 旡 | D72: 4 | E72: むにょう / なし | F72: munyou / nashi | G72: not, nothing | H72: Other & abstract | I72: =COUNTIF(Kanji!$C$2:$C$2502,A72) -> 1 | J72: 既
A73: 72 | B73: 日 | D73: 4 | E73: ひ / ひへん | F73: hi / hihen | G73: sun, day | H73: Sky, time & weather | I73: =COUNTIF(Kanji!$C$2:$C$2502,A73) -> 43 | J73: 日時明昨早映景旧易春暴昭普昇星曜暮智晴暗是暫昼旬旨昔暖昌暇旭晩暑曙晶晋晃昆暦曇暁暢暉旺
A74: 73 | B74: 曰 | D74: 4 | E74: ひらび / いわく | F74: hirabi / iwaku | G74: say | H74: Speech, mind & ritual | I74: =COUNTIF(Kanji!$C$2:$C$2502,A74) -> 7 | J74: 最書曲更替曹曼
A75: 74 | B75: 月 | D75: 4 | E75: つき / つきへん | F75: tsuki / tsukihen | G75: moon, month | H75: Sky, time & weather | I75: =COUNTIF(Kanji!$C$2:$C$2502,A75) -> 9 | J75: 月期朝有望服朗朋朔
A76: 75 | B76: 木 | D76: 4 | E76: き / きへん | F76: ki / kihen | G76: tree, wood | H76: Plants & grain | I76: =COUNTIF(Kanji!$C$2:$C$2502,A76) -> 126 | J76: 本東業来機権査案村果格検校構木条楽株末極松核横様橋材森根未林模標植染棄枚束栄札枠板析樹杉柱柄李柳柔梅杯桜棋械梨概梶枝棟栃棒栽欄栗架巣棚柏朴柴桑桂桐机柿枯桃朱枢槽樋楊椿朽椎楠榎樽樺槙槻梁楢橘桧杜枕檜桟榊某杏棺楼橿栓榛桶梯椅樟櫛槍檀樫梓杭杵杖桝檄椙槌楕柚杞
A77: 76 | B77: 欠 | D77: 4 | E77: あくび / かける | F77: akubi / kakeru | G77: lack, yawn | H77: Body parts & health | I77: =COUNTIF(Kanji!$C$2:$C$2502,A77) -> 10 | J77: 次欧歌欠欲歓欺款欣欽
A78: 77 | B78: 止 | D78: 4 | E78: とめる / とめへん | F78: tomeru / tomehen | G78: stop | H78: Actions & movement | I78: =COUNTIF(Kanji!$C$2:$C$2502,A78) -> 9 | J78: 正歳止武歩歴歯此歪
A79: 78 | B79: 歹 | C79: 歺 | D79: 4 | E79: かばねへん / いちたへん | F79: kabanehen / ichitahen | G79: death, decay | H79: Person & family | I79: =COUNTIF(Kanji!$C$2:$C$2502,A79) -> 5 | J79: 死残殊殖殉
A80: 79 | B80: 殳 | D80: 4 | E80: るまた / ほこづくり | F80: rumata / hokozukuri | G80: weapon, to strike | H80: Tools, weapons & objects | I80: =COUNTIF(Kanji!$C$2:$C$2502,A80) -> 6 | J80: 段殺殿殴毅殻
A81: 80 | B81: 毋 | D81: 4 | E81: なかれ / はは | F81: nakare / haha | G81: do not, mother | H81: Person & family | I81: =COUNTIF(Kanji!$C$2:$C$2502,A81) -> 3 | J81: 毎母毒
A82: 81 | B82: 比 | D82: 4 | E82: くらべる / ならびひ | F82: kuraberu / narabihi | G82: compare | H82: Other & abstract | I82: =COUNTIF(Kanji!$C$2:$C$2502,A82) -> 1 | J82: 比
A83: 82 | B83: 毛 | D83: 4 | E83: け | F83: ke | G83: fur, hair | H83: Body parts & health | I83: =COUNTIF(Kanji!$C$2:$C$2502,A83) -> 2 | J83: 毛毬
A84: 83 | B84: 氏 | D84: 4 | E84: うじ | F84: uji | G84: clan | H84: Other & abstract | I84: =COUNTIF(Kanji!$C$2:$C$2502,A84) -> 2 | J84: 民氏
A85: 84 | B85: 气 | D85: 4 | E85: きがまえ | F85: kigamae | G85: steam, breath | H85: Sky, time & weather | I85: =COUNTIF(Kanji!$C$2:$C$2502,A85) -> 1 | J85: 気
A86: 85 | B86: 水 | C86: 氵 (さんずい, left side); 氺 (したみず, bottom) | D86: 4 | E86: みず | F86: mizu | G86: water | H86: Water, fire, earth & land | I86: =COUNTIF(Kanji!$C$2:$C$2502,A86) -> 139 | J86: 決法治派済活海求水減演流沢消準渡深況港注渉満湾激浜河油江清源波測洋浮混池温永汚沖浦渋津泉漁滞沿浴浩瀬洗濃潟液滅泳潮泊滑浅沈泰漏潜湖湯溶泣涙浄没渕漫淡浸氷沼滝漢漂添汗浪湿涯滋泥淵潔漠洞淳潤濯沸澄溝洪涼渦漬汁泡濁沙湘灘淑渇漆洲淀汎滴汽漱渓湧泌漸湛瀋湊渚渥濡洛汐漕瀕澤溥汪溢浙淘洸洒溜
A87: 86 | B87: 火 | C87: 灬 (れっか / れんが, bottom) | D87: 4 | E87: ひ | F87: hi | G87: fire | H87: Water, fire, earth & land | I87: =COUNTIF(Kanji!$C$2:$C$2502,A87) -> 33 | J87: 点無然火熱爆為燃焦災焼照熊煕炎煙炭炉烈熟煮灯灰炊燥炒烏煩燕焉煥燈煎
A88: 87 | B88: 爪 | C88: 爫 (つめかんむり, top) | D88: 4 | E88: つめ | F88: tsume | G88: claw | H88: Other & abstract | I88: =COUNTIF(Kanji!$C$2:$C$2502,A88) -> 1 | J88: 爪
A89: 88 | B89: 父 | D89: 4 | E89: ちち | F89: chichi | G89: father | H89: Person & family | I89: =COUNTIF(Kanji!$C$2:$C$2502,A89) -> 1 | J89: 父
A90: 89 | B90: 爻 | D90: 4 | E90: こう / めめ | F90: kou / meme | G90: mix, crossing | H90: Other & abstract | I90: =COUNTIF(Kanji!$C$2:$C$2502,A90) -> 1 | J90: 爽
A91: 90 | B91: 爿 | C91: 丬 | D91: 4 | E91: しょうへん / へん | F91: shouhen / hen | G91: split wood, bed | H91: Plants & grain | I91: =COUNTIF(Kanji!$C$2:$C$2502,A91) -> 0
A92: 91 | B92: 片 | D92: 4 | E92: かた / かたへん | F92: kata / katahen | G92: slice, one side | H92: Plants & grain | I92: =COUNTIF(Kanji!$C$2:$C$2502,A92) -> 3 | J92: 版片牌
A93: 92 | B93: 牙 | D93: 4 | E93: きば / きばへん | F93: kiba / kibahen | G93: fang, tooth | H93: Animals & creatures | I93: =COUNTIF(Kanji!$C$2:$C$2502,A93) -> 1 | J93: 牙
A94: 93 | B94: 牛 | C94: 牜 (うしへん, left side) | D94: 4 | E94: うし | F94: ushi | G94: cow, ox | H94: Animals & creatures | I94: =COUNTIF(Kanji!$C$2:$C$2502,A94) -> 11 | J94: 物特犠牛牲牧牟牡牝犀牢
A95: 94 | B95: 犬 | C95: 犭 (けものへん, left side) | D95: 4 | E95: いぬ | F95: inu | G95: dog | H95: Animals & creatures | I95: =COUNTIF(Kanji!$C$2:$C$2502,A95) -> 24 | J95: 状独献狙犯獲猛犬狭狂獄猪猫獣猿狩猶猟獅狼狐狛猷狸
A96: 95 | B96: 玄 | D96: 5 | E96: げん | F96: gen | G96: dark, profound | H96: Other & abstract | I96: =COUNTIF(Kanji!$C$2:$C$2502,A96) -> 2 | J96: 率玄
A97: 96 | B97: 玉 | C97: 王 (おうへん / たまへん, left side) | D97: 5 | E97: たま | F97: tama | G97: jade, king | H97: Tools, weapons & objects | I97: =COUNTIF(Kanji!$C$2:$C$2502,A97) -> 20 | J97: 現理球環王玉珍琴班珠瑞玲琵琶琢琉玩珂瑠瑛
A98: 97 | B98: 瓜 | D98: 5 | E98: うり | F98: uri | G98: melon | H98: Plants & grain | I98: =COUNTIF(Kanji!$C$2:$C$2502,A98) -> 1 | J98: 瓜
A99: 98 | B99: 瓦 | D99: 5 | E99: かわら | F99: kawara | G99: tile | H99: Tools, weapons & objects | I99: =COUNTIF(Kanji!$C$2:$C$2502,A99) -> 3 | J99: 瓶瓦甕
A100: 99 | B100: 甘 | D100: 5 | E100: あまい / かん | F100: amai / kan | G100: sweet | H100: Colors & qualities | I100: =COUNTIF(Kanji!$C$2:$C$2502,A100) -> 2 | J100: 甘甚
A101: 100 | B101: 生 | D101: 5 | E101: うまれる / せい | F101: umareru / sei | G101: life, birth | H101: Plants & grain | I101: =COUNTIF(Kanji!$C$2:$C$2502,A101) -> 3 | J101: 生産甦
A102: 101 | B102: 用 | D102: 5 | E102: もちいる / よう | F102: mochiiru / you | G102: use | H102: Colors & qualities | I102: =COUNTIF(Kanji!$C$2:$C$2502,A102) -> 2 | J102: 用甫
...

Sheet Kanji
A1: Freq rank | B1: Kanji | C1: Radical no. | D1: Radical | E1: Radical meaning | F1: Radical strokes | G1: Kanji strokes
A2: 1 | B2: 日 | C2: 72 | D2: =INDEX(Radicals!$B$2:$B$215,MATCH(C2,Radicals!$A$2:$A$215,0)) -> 日 | E2: =INDEX(Radicals!$G$2:$G$215,MATCH(C2,Radicals!$A$2:$A$215,0)) -> sun, day | F2: =INDEX(Radicals!$D$2:$D$215,MATCH(C2,Radicals!$A$2:$A$215,0)) -> 4 | G2: 4
A3: 2 | B3: 一 | C3: 1 | D3: =INDEX(Radicals!$B$2:$B$215,MATCH(C3,Radicals!$A$2:$A$215,0)) -> 一 | E3: =INDEX(Radicals!$G$2:$G$215,MATCH(C3,Radicals!$A$2:$A$215,0)) -> one | F3: =INDEX(Radicals!$D$2:$D$215,MATCH(C3,Radicals!$A$2:$A$215,0)) -> 1 | G3: 1
A4: 3 | B4: 国 | C4: 31 | D4: =INDEX(Radicals!$B$2:$B$215,MATCH(C4,Radicals!$A$2:$A$215,0)) -> 囗 | E4: =INDEX(Radicals!$G$2:$G$215,MATCH(C4,Radicals!$A$2:$A$215,0)) -> enclosure | F4: =INDEX(Radicals!$D$2:$D$215,MATCH(C4,Radicals!$A$2:$A$215,0)) -> 3 | G4: 8
A5: 4 | B5: 会 | C5: 9 | D5: =INDEX(Radicals!$B$2:$B$215,MATCH(C5,Radicals!$A$2:$A$215,0)) -> 人 | E5: =INDEX(Radicals!$G$2:$G$215,MATCH(C5,Radicals!$A$2:$A$215,0)) -> person | F5: =INDEX(Radicals!$D$2:$D$215,MATCH(C5,Radicals!$A$2:$A$215,0)) -> 2 | G5: 6
A6: 5 | B6: 人 | C6: 9 | D6: =INDEX(Radicals!$B$2:$B$215,MATCH(C6,Radicals!$A$2:$A$215,0)) -> 人 | E6: =INDEX(Radicals!$G$2:$G$215,MATCH(C6,Radicals!$A$2:$A$215,0)) -> person | F6: =INDEX(Radicals!$D$2:$D$215,MATCH(C6,Radicals!$A$2:$A$215,0)) -> 2 | G6: 2
A7: 6 | B7: 年 | C7: 51 | D7: =INDEX(Radicals!$B$2:$B$215,MATCH(C7,Radicals!$A$2:$A$215,0)) -> 干 | E7: =INDEX(Radicals!$G$2:$G$215,MATCH(C7,Radicals!$A$2:$A$215,0)) -> dry, to do with | F7: =INDEX(Radicals!$D$2:$D$215,MATCH(C7,Radicals!$A$2:$A$215,0)) -> 3 | G7: 6
A8: 7 | B8: 大 | C8: 37 | D8: =INDEX(Radicals!$B$2:$B$215,MATCH(C8,Radicals!$A$2:$A$215,0)) -> 大 | E8: =INDEX(Radicals!$G$2:$G$215,MATCH(C8,Radicals!$A$2:$A$215,0)) -> big | F8: =INDEX(Radicals!$D$2:$D$215,MATCH(C8,Radicals!$A$2:$A$215,0)) -> 3 | G8: 3
A9: 8 | B9: 十 | C9: 24 | D9: =INDEX(Radicals!$B$2:$B$215,MATCH(C9,Radicals!$A$2:$A$215,0)) -> 十 | E9: =INDEX(Radicals!$G$2:$G$215,MATCH(C9,Radicals!$A$2:$A$215,0)) -> ten | F9: =INDEX(Radicals!$D$2:$D$215,MATCH(C9,Radicals!$A$2:$A$215,0)) -> 2 | G9: 2
A10: 9 | B10: 二 | C10: 7 | D10: =INDEX(Radicals!$B$2:$B$215,MATCH(C10,Radicals!$A$2:$A$215,0)) -> 二 | E10: =INDEX(Radicals!$G$2:$G$215,MATCH(C10,Radicals!$A$2:$A$215,0)) -> two | F10: =INDEX(Radicals!$D$2:$D$215,MATCH(C10,Radicals!$A$2:$A$215,0)) -> 2 | G10: 2
A11: 10 | B11: 本 | C11: 75 | D11: =INDEX(Radicals!$B$2:$B$215,MATCH(C11,Radicals!$A$2:$A$215,0)) -> 木 | E11: =INDEX(Radicals!$G$2:$G$215,MATCH(C11,Radicals!$A$2:$A$215,0)) -> tree, wood | F11: =INDEX(Radicals!$D$2:$D$215,MATCH(C11,Radicals!$A$2:$A$215,0)) -> 4 | G11: 5
A12: 11 | B12: 中 | C12: 2 | D12: =INDEX(Radicals!$B$2:$B$215,MATCH(C12,Radicals!$A$2:$A$215,0)) -> 丨 | E12: =INDEX(Radicals!$G$2:$G$215,MATCH(C12,Radicals!$A$2:$A$215,0)) -> vertical line | F12: =INDEX(Radicals!$D$2:$D$215,MATCH(C12,Radicals!$A$2:$A$215,0)) -> 1 | G12: 4
A13: 12 | B13: 長 | C13: 168 | D13: =INDEX(Radicals!$B$2:$B$215,MATCH(C13,Radicals!$A$2:$A$215,0)) -> 長 | E13: =INDEX(Radicals!$G$2:$G$215,MATCH(C13,Radicals!$A$2:$A$215,0)) -> long | F13: =INDEX(Radicals!$D$2:$D$215,MATCH(C13,Radicals!$A$2:$A$215,0)) -> 8 | G13: 8
... A2502: 2501 | B2502: 蝦 | C2502: 142 | D2502: =INDEX(Radicals!$B$2:$B$215,MATCH(C2502,Radicals!$A$2:$A$215,0)) -> 虫 | E2502: =INDEX(Radicals!$G$2:$G$215,MATCH(C2502,Radicals!$A$2:$A$215,0)) -> insect | F2502: =INDEX(Radicals!$D$2:$D$215,MATCH(C2502,Radicals!$A$2:$A$215,0)) -> 6 | G2502: 15

Sheet Notes
A1: About this workbook
A2: Kanji set: the 2,501 kanji in Kimtaro's gist 'kanji_by_frequency.txt' (ordered by KANJIDIC2 frequency rank). Source: https://gist.github.com/Kimtaro/50da080ff3cf6202f55a
A3: Radical assignment: the classical (Kangxi) radical number recorded in KANJIDIC2 for each kanji (via the jamdict-data package, compiled 2021). Each kanji is assigned exactly one radical.
A4: Radicals: all 214 Kangxi radicals, ordered by number, which is also stroke-count order. Variant forms (e.g. 亻 for 人, 氵 for 水) are listed in the 'Variant forms' column and counted under the parent radical.
A5: Names, meanings and thematic groups: compiled from standard Kangxi radical references. Groups are my own thematic grouping to cluster similar-meaning radicals, so they are a study aid rather than an official classification.
A6: Some radicals have 0 kanji because no kanji in this 2,501 list is classified under them in KANJIDIC2.
A7: Kanji counts and the radical columns on the Kanji sheet are formulas. The kanji lists on the Radicals sheet are static text generated from the same data.
A8: Note: 𠆢 and ⺅ are component forms of 人, not separate Kangxi radicals. 入 (enter) looks like 人 but is its own radical (No. 11).
